<?xml version="1.0" encoding="UTF-8"?>
<project-private xmlns="http://www.netbeans.org/ns/project-private/1">
    <editor-bookmarks xmlns="http://www.netbeans.org/ns/editor-bookmarks/2" lastBookmarkId="0"/>
    <open-files xmlns="http://www.netbeans.org/ns/projectui-open-files/2">
        <group>
            <file>file:/home/sheshant/NetBeansProjects/jdbccon/src/jdbccon/new_doctor.java</file>
            <file>file:/home/sheshant/NetBeansProjects/jdbccon/src/jdbccon/admin_table.java</file>
            <file>file:/home/sheshant/NetBeansProjects/jdbccon/src/jdbccon/results.java</file>
            <file>file:/home/sheshant/NetBeansProjects/jdbccon/src/jdbccon/new_test.java</file>
            <file>file:/home/sheshant/NetBeansProjects/jdbccon/src/jdbccon/doctor_password.java</file>
            <file>file:/home/sheshant/NetBeansProjects/jdbccon/src/jdbccon/results_entry.java</file>
            <file>file:/home/sheshant/NetBeansProjects/jdbccon/src/jdbccon/Jdbccon.java</file>
            <file>file:/home/sheshant/NetBeansProjects/jdbccon/src/jdbccon/welcome_admin.java</file>
            <file>file:/home/sheshant/NetBeansProjects/jdbccon/src/jdbccon/patient_details.java</file>
            <file>file:/home/sheshant/NetBeansProjects/jdbccon/src/jdbccon/Edit_patient_details.java</file>
            <file>file:/home/sheshant/NetBeansProjects/jdbccon/src/jdbccon/Welcome.java</file>
            <file>file:/home/sheshant/NetBeansProjects/jdbccon/src/jdbccon/update_doctor.java</file>
            <file>file:/home/sheshant/NetBeansProjects/jdbccon/src/jdbccon/patient_bill.java</file>
            <file>file:/home/sheshant/NetBeansProjects/jdbccon/src/jdbccon/patient_password.java</file>
            <file>file:/home/sheshant/NetBeansProjects/jdbccon/src/jdbccon/welcome_doctor.java</file>
            <file>file:/home/sheshant/NetBeansProjects/jdbccon/src/jdbccon/welcome_patient.java</file>
            <file>file:/home/sheshant/NetBeansProjects/jdbccon/src/jdbccon/new_patient.java</file>
            <file>file:/home/sheshant/NetBeansProjects/jdbccon/src/jdbccon/admin_password.java</file>
        </group>
    </open-files>
</project-private>
